field,count,mean_len,median_len,min_len,max_len,std_len
prompt,8492,447.282972209138,312.0,10,3847,459.5574951983468
chosen,8492,160.9009656146962,111.0,1,1564,159.98815676934268
rejected,8492,203.46113989637306,140.0,1,1959,201.6146955852554
